Mã Người Dùng;Họ;Tên;Giới Tính;Ngày Sinh;Thành Phố;Số Điện Thoại;Email;CCCD
10000;;;;01/01/0001;;0;;0
10704;Lý Gia;Phúc;Nam;04/09/1974;Hải Phòng;84358420;phuc.nguyen12@gmail.com;260032124
12630;Đỗ Quang;Yến;Nữ;01/08/1950;Đà Nẵng;84358421;yen.bui13@gmail.com;397432527
11737;Lê Văn;Linh;Nữ;29/03/1956;Hà Nội;84358422;linh.ho21@gmail.com;328407278
10565;Huỳnh Ngọc;An;Nữ;20/12/1999;Hải Phòng;84358423;an.ngo73@gmail.com;259758392
14917;Nguyễn Văn;Vy;Nữ;31/10/1985;Nha Trang;84358424;vy.ngo88@gmail.com;369421810
13251;Nguyễn Văn;An;Nữ;08/07/1980;Hồ Chí Minh;84358425;an.bui14@gmail.com;200942642
10438;Đỗ Quang;Hương;Nữ;26/07/1982;Cần Thơ;84358426;huong.nguyen99@gmail.com;288608848
13473;Huỳnh Ngọc;An;Nữ;03/07/1983;Bình Dương;84358427;an.phan30@gmail.com;306439043
11616;Lý Gia;Hoa;Nữ;22/03/1969;Đồng Nai;84358428;hoa.duong13@gmail.com;391897635
13451;Lê Văn;Anh;Nam;01/04/1990;Đà Nẵng;84358429;anh.pham7@gmail.com;221204091
13579;Dương Hữu;Mai;Nữ;17/10/1973;Bình Dương;84358430;mai.nguyen75@gmail.com;298216465
12786;Đặng Văn;Quang;Nam;24/02/1956;Vinh;84358431;quang.đang80@gmail.com;268149762
14534;Bùi Thị;Khoa;Nam;30/11/1976;Bình Dương;84358432;khoa.duong28@gmail.com;259155333
13907;Vũ Minh;Thiện;Nam;04/10/1999;Cần Thơ;84358433;thien.duong78@gmail.com;269179454
10776;Trần Thị;Vinh;Nam;26/09/1961;Cần Thơ;84358434;vinh.hoang70@gmail.com;290745640
11438;Đặng Văn;Dũng;Nam;23/03/1959;Nha Trang;84358435;dung.duong95@gmail.com;310421276
10911;Nguyễn Văn;Yến;Nữ;02/06/1970;Hải Phòng;84358436;yen.huynh52@gmail.com;316976778
14695;Hồ Thị;Quỳnh;Nữ;21/02/1978;Huế;84358437;quynh.ly69@gmail.com;262240301
10541;Huỳnh Ngọc;Nhung;Nữ;11/07/1976;Đồng Nai;84358438;nhung.phan71@gmail.com;388927588
12307;Vũ Minh;Phương;Nữ;23/03/1965;Hồ Chí Minh;84358439;phuong.bui19@gmail.com;399972254
14866;Vũ Minh;Nga;Nữ;01/07/1950;Hồ Chí Minh;84358440;nga.pham59@gmail.com;398136754
11977;Vũ Minh;Thiện;Nam;02/08/1992;Bình Dương;84358441;thien.ly92@gmail.com;240006888
14503;Hoàng Anh;Long;Nam;27/07/1986;Nha Trang;84358442;long.tran49@gmail.com;260856715
12966;Lê Văn;Hoa;Nữ;09/08/1952;Huế;84358443;hoa.phan76@gmail.com;212663543
12798;Nguyễn Văn;Trang;Nữ;06/01/1984;Cần Thơ;84358444;trang.hoang84@gmail.com;382252318
10214;Huỳnh Ngọc;Phúc;Nam;27/12/1972;Nha Trang;84358445;phuc.vu40@gmail.com;261241370
11415;Đặng Văn;Anh;Nam;07/06/1988;Nha Trang;84358446;anh.hoang82@gmail.com;263551201
10220;Vũ Minh;Yến;Nữ;10/01/1972;Hồ Chí Minh;84358447;yen.hoang64@gmail.com;226871236
14901;Trần Thị;Dũng;Nam;18/06/1986;Bình Dương;84358448;dung.tran89@gmail.com;320597859
13102;Đặng Văn;Thu;Nữ;21/07/1972;Hải Phòng;84358449;thu.huynh36@gmail.com;221086237
14410;Phạm Minh;Anh;Nữ;12/03/1995;Hà Nội;84358450;anh.pm1995@gmail.com;399207440
14195;Trần Quang;Hùng;Nam;05/11/1988;TP. Hồ Chí Minh;84993008;hung.tq.88@gmail.com;366243211
13247;Nguyễn Đình;Thắng;Nam;28/07/2001;Đà Nẵng;84375514;thang.nd2001@gmail.com;212575760
19305;Lê Thị;Mai;Nữ;19/02/1976;Hải Phòng;84361164;mai.lt.76@gmail.com;349937861
14887;Võ Văn;Phúc;Nam;03/09/1999;Cần Thơ;84662925;phuc.vv99@gmail.com;247265209
13025;Hoàng Anh;Duy;Nam;14/06/1985;Nha Trang;84355903;duy.ha.85@gmail.com;319735643
15932;Đặng Trần;Phương;Nữ;21/10/1993;Huế;84840153;phuong.dt1993@gmail.com;393073454
19546;Bùi Xuân;Ngọc;Nữ;07/04/2004;Vinh;84725875;ngoc.bx04@gmail.com;245048899
17657;Phan Thanh;Lâm;Nam;30/12/1979;Quy Nhơn;84682277;lam.pt79@gmail.com;229936405
10679;Đỗ Trung;Hiếu;Nam;16/08/1990;Biên Hòa;84975083;hieu.dt90@gmail.com;220438775
19744;Trịnh Văn;Cường;Nam;25/01/1982;Buôn Ma Thuột;84333990;cuong.tv.82@gmail.com;226683391
12488;Đinh Thị;Thu;Nữ;10/05/1997;Vũng Tàu;84909580;thu.dt97@gmail.com;306229158
19877;Ngô Hoàng;Yến;Nữ;04/11/1980;Thanh Hóa;84915291;yen.nh80@gmail.com;256440644
16593;Lý Gia;Bảo;Nam;22/03/2000;Hải Dương;84744484;bao.lg.00@gmail.com;261655908
10655;Huỳnh Minh;Trâm;Nữ;09/07/1996;Long An;84698548;tram.hm96@gmail.com;364013491
12967;Chung Tấn;Đạt;Nam;01/01/1970;An Giang;84770104;dat.ct1970@gmail.com;330176856
12634;Dương Hữu;Linh;Nữ;17/04/1984;Đồng Nai;84612789;linh.dh84@gmail.com;241464155
11436;Tô Ngọc;Sơn;Nam;08/12/2002;Quảng Ninh;84305817;son.tn02@gmail.com;306191670
10748;Đoàn Minh;Hòa;Nữ;24/06/1991;Thái Nguyên;84870765;hoa.dm91@gmail.com;342500121
15895;Lâm Chí;Thành;Nam;06/02/1977;Sóc Trăng;84910875;thanh.lc77@gmail.com;249635457
18968;Hồ Xuân;Giang;Nam;11/09/1998;Nam Định;84482202;giang.hx98@gmail.com;399243952
12822;Cung Đình;Vân;Nữ;02/05/1986;Bình Dương;84418241;van.cd86@gmail.com;352249109
14175;Diệp Gia;Long;Nam;15/10/2003;Kiên Giang;84564038;long.dg03@gmail.com;363484560
11387;Giáp Thị;Tuyết;Nữ;20/08/1975;Bạc Liêu;84723276;tuyet.gt75@gmail.com;338352624
18029;Khổng Văn;Tùng;Nam;27/01/1994;Kon Tum;84353996;tung.kv94@gmail.com;216576557
15215;Kiều Thanh;Minh;Nữ;03/07/1989;Lào Cai;84860818;minh.kt89@gmail.com;204822011
10961;Lãm Hữu;Phi;Nam;13/11/2005;Điện Biên;84791790;phi.lh05@gmail.com;374293015
16011;Mã Thị;Hương;Nữ;26/05/1981;Cao Bằng;84916482;huong.mt81@gmail.com;337690429
18659;Nghiêm Đức;Thiện;Nam;18/09/1992;Hà Giang;84312641;thien.nd92@gmail.com;244775577
16339;Quách Văn;Lợi;Nam;23/12/1978;Lai Châu;84346943;loi.qv78@gmail.com;356406494
13289;Tạ Hoàng;Khuê;Nữ;05/03/1996;Bắc Giang;84467025;khue.th96@gmail.com;296084207
17427;Thạch Thị;Lý;Nữ;10/01/2006;Gia Lai;84515196;ly.tt06@gmail.com;259437128
17972;Thân Văn;Trung;Nam;14/05/1983;Đắk Lắk;84332506;trung.tv83@gmail.com;360543343
17484;Tiêu Hồng;Quỳnh;Nữ;29/08/1990;Đồng Tháp;84879324;quynh.th90@gmail.com;342516424
13676;Từ Minh;Hiền;Nữ;07/12/1974;Tiền Giang;84989296;hien.tm74@gmail.com;243647675
11993;Việt Anh;Khoa;Nam;16/06/2001;Bến Tre;84517350;khoa.va01@gmail.com;278220965
13338;Vương Đăng;Sơn;Nam;24/02/1987;Trà Vinh;84430224;son.vd87@gmail.com;258048428
15046;Yên Thị;Loan;Nữ;09/10/1997;Sóc Trăng;84374909;loan.yt97@gmail.com;239692104
15974;Âu Dương;Phát;Nam;21/04/1993;Tây Ninh;84729463;phat.ad93@gmail.com;340179722
19082;Bạch Mai;Chi;Nữ;04/08/1985;Bình Thuận;84752103;chi.bm85@gmail.com;214768362
16347;Cổ Kim;Tài;Nam;11/01/1973;Khánh Hòa;84723424;tai.ck73@gmail.com;296161434
13854;Dương Đình;Khang;Nam;02/09/1999;Phú Yên;84573222;khang.dd99@gmail.com;221491949
14116;Hà Thanh;Ngân;Nữ;15/12/2000;Quảng Nam;84396748;ngan.ht00@gmail.com;272563270
19681;Khương Thị;Lan;Nữ;28/05/1978;Quảng Ngãi;84606374;lan.kt78@gmail.com;267322999
17034;Lê Hữu;Danh;Nam;06/10/1995;Bình Định;84507747;danh.lh95@gmail.com;367885607
13118;Mạc Văn;Tấn;Nam;19/03/1982;Nghệ An;84438692;tan.mv82@gmail.com;301823448
11637;Nguyễn Văn;Thi;Nam;17/07/1991;Hà Tĩnh;84782914;thi.nv91@gmail.com;382101783
10747;Phạm Hoàng;Yến;Nữ;23/11/1972;Bắc Ninh;84946657;yen.ph72@gmail.com;210743310
12484;Tăng Thanh;Hải;Nam;30/04/2004;Hưng Yên;84770461;hai.tt04@gmail.com;221121333
